rows_seen,rows_treated,rows_control,absolute_effect,standard_error,fixed_low,fixed_high,sequential_low,sequential_high,sequential_excludes_zero,fixed_excludes_zero
20000,17054,2946,0.0011049920817791275,0.0007773772949270036,-0.0004186394186769713,0.0026286235822352262,-0.016870712124315,0.019080696287873254,False,False
22348,19037,3311,0.0010638171795575187,0.0007682846776412418,-0.0004419931184932804,0.002569627477608318,-0.01575539110972349,0.01788302546883853,False,False
24972,21270,3702,0.0010590852045819779,0.0007501643730715486,-0.0004112099491233262,0.002529380358287282,-0.014489999063659538,0.016608169472823495,False,False
27904,23775,4129,0.0010806994918606792,0.0007254874623191298,-0.00034122980552017484,0.002502628789241533,-0.01315855018577154,0.0153199491694929,False,False
31180,26548,4632,0.0010226206099005863,0.0006895747409130913,-0.0003289210469376114,0.002374162266738784,-0.01179469286484092,0.013839934084642094,False,False
34841,29673,5168,0.001181766706011939,0.0006251503519764921,-4.350546878452389e-05,0.0024070388808084017,-0.009823728886504875,0.012187262298528753,False,False
38931,33170,5761,0.0013547950658626504,0.0005684978177048312,0.0002405598178715641,0.002469030313853737,-0.00812562195192016,0.010835212083645462,False,True
43502,36993,6509,0.0015097382343913566,0.0005386074816391286,0.000454086968574846,0.0025653895002078673,-0.006999806650699556,0.01001928311948227,False,True
48609,41305,7304,0.0016329450473483332,0.0005095610040826657,0.000634223831420241,0.0026316662632764254,-0.0059956029344176605,0.009261493029114326,False,True
54316,46173,8143,0.00145012827167822,0.00049380462879629,0.00048228898383832113,0.002417967559518119,-0.0055562309863037935,0.008456487529660234,False,True
60694,51566,9128,0.0013431685941619606,0.00048731359843013895,0.00038805149206227357,0.0022982856962616475,-0.005211105063906883,0.007897442252230803,False,True
67819,57637,10182,0.0009217310105208171,0.0005037490619242644,-6.559900809657848e-05,0.0019090610291382128,-0.005502416265791018,0.007345878286832652,False,False
75782,64408,11374,0.001046760172757472,0.00046462219367642753,0.00013611740673368043,0.0019574029387812637,-0.004572684651237786,0.006666204996752731,False,True
84679,71976,12703,0.0011255763694478407,0.00043613097439190507,0.00027077536709734613,0.0019803773717983354,-0.0038785508377208386,0.00612970357661652,False,True
94621,80353,14268,0.0011566995744816788,0.0004125623331099308,0.00034809226020839773,0.00196530688875496,-0.0033354515854203386,0.005648850734383697,False,True
105730,89776,15954,0.001171634466735779,0.0003892750057919282,0.00040866947530197883,0.0019345994581695795,-0.0028520693851713163,0.005195338318642874,False,True
118144,100378,17766,0.0009429335161048012,0.00039300884752168307,0.00017265032935670868,0.0017132167028528938,-0.0029148841463170353,0.004800751178526638,False,True
132014,112220,19794,0.0010890752544831439,0.00037212765778304037,0.0003597184475771384,0.0018184320613891494,-0.0023813848073260466,0.004559535316292334,False,True
147514,125442,22072,0.0012347098181670498,0.0003507096924200843,0.0005473314519945646,0.0019220881843395351,-0.001874129574519631,0.004343549210853731,False,True
164833,140152,24681,0.0012086488563532402,0.000326865485996858,0.0005680042760102171,0.0018492934366962633,-0.0015468357143125435,0.003964133427019024,False,True
184185,156616,27569,0.0010779771336015425,0.000312956406754341,0.00046459384763196637,0.0016913604195711186,-0.0014323767488276036,0.0035883310160306887,False,True
205810,174981,30829,0.0010919430418907484,0.00029407015053873546,0.0005155761379065549,0.001668309945874942,-0.001153953553955651,0.003337839637737148,False,True
229973,195514,34459,0.001093586577503056,0.00027878917944283466,0.0005471698265156256,0.0016400033284904862,-0.0009350036249616217,0.0031221767799677336,False,True
256974,218494,38480,0.0011077560287149567,0.00026761351028359266,0.0005832431867827758,0.0016322688706471378,-0.000748861308683318,0.0029643733661132315,False,True
287144,244109,43035,0.0010861748019574567,0.00025046764147308834,0.0005952672453775128,0.0015770823585374006,-0.0005719128782843898,0.002744262482199303,False,True
320857,272717,48140,0.0009821035415211693,0.00024037947555359643,0.0005109684268134939,0.0014532386562288446,-0.0005376317600210671,0.0025018388430634057,False,True
358528,304668,53860,0.0009655432957183011,0.00022474786336186791,0.0005250455779267109,0.0014060410135098914,-0.0003927225133753933,0.0023238091048119955,False,True
400621,340425,60196,0.0009356056548534683,0.00021332946969990696,0.000517487577400622,0.0013537237323063146,-0.00029805011596846986,0.0021692614256754064,False,True
447657,380399,67258,0.0010213740750293142,0.00019817864904855766,0.0006329510603893381,0.0014097970896692902,-7.64186166356891e-05,0.0021191667666943174,False,True
500215,425097,75118,0.001073083009432947,0.0001853438042339308,0.0007098158283768001,0.0014363501904890935,8.848017837833093e-05,0.002057685840487563,True,True
558943,474995,83948,0.001085162857364277,0.00017540743926441386,0.0007413705937856288,0.0014289551209429251,0.00019045316179201776,0.001979872552936536,True,True
624567,530729,93838,0.0010980031605532371,0.0001659282055138566,0.0007727898537267178,0.0014232164673797566,0.0002842951394880813,0.001911711181618393,True,True
697896,593061,104835,0.001135290651310628,0.00015431011293167403,0.0008328483875142384,0.0014377329151070177,0.0004067538757378576,0.0018638274268833984,True,True
779833,662782,117051,0.0011159972646785513,0.00014624767203608294,0.0008293570946650031,0.0014026374346920996,0.0004502960641213318,0.0017816984652357709,True,True
871391,740635,130756,0.0011259852927382053,0.00013743838238590553,0.0008566110131683864,0.0013953595723080244,0.0005219201478589276,0.001730050437617483,True,True
973698,827602,146096,0.0010611540357296795,0.0001312609725701719,0.0008038872569164426,0.0013184208145429165,0.0005032306061709606,0.0016190774652883985,True,True
1088016,924776,163240,0.0010357502797813892,0.00012476753318088743,0.0007912104083069437,0.0012802901512558348,0.0005220565490437001,0.0015494440105190783,True,True
1215757,1033566,182191,0.0010291265151954622,0.00011849197834644585,0.0007968865051795284,0.001261366525211396,0.0005557848248062146,0.00150246820558471,True,True
1358495,1154689,203806,0.0010401842958541675,0.00011136097221360563,0.0008219208010321348,0.0012584477906762003,0.0006078328831495674,0.0014725357085587677,True,True
1517991,1290114,227877,0.0010418121078305865,0.00010564277972216036,0.0008347560643484538,0.001248868151312719,0.0006425044090198014,0.0014411198066413716,True,True
1696213,1441662,254551,0.0010954266496056423,9.935498082335053e-05,0.0009006944655072075,0.0012901588337040771,0.0007291797996678978,0.0014616734995433868,True,True
1895360,1610896,284464,0.0011352410540934835,9.372398306922812e-05,0.0009515454227901546,0.0013189366853968124,0.0007977163688368154,0.0014727657393501516,True,True
2117888,1799895,317993,0.0011101374011235616,8.944054263096761e-05,0.0009348371588091457,0.0012854376434379775,0.0007949194267564229,0.0014253553754907003,True,True
2366542,2011262,355280,0.0011418512953648078,8.38504638513344e-05,0.0009775074061292147,0.001306195184600401,0.0008521521466231981,0.0014315504441064176,True,True
2644390,2247647,396743,0.0011037218141555817,7.951146255830125e-05,0.0009478822111832063,0.0012595614171279571,0.0008339678546560386,0.0013734757736551249,True,True
2954859,2511669,443190,0.0011651602309295072,7.489020451153208e-05,0.0010183781272920652,0.0013119423345669492,0.0009152557743467881,0.0014150646875122264,True,True
3301780,2806473,495307,0.0011775797869444412,7.052712224805398e-05,0.001039349167405002,0.0013158104064838806,0.000945728195836323,0.0014094313780525594,True,True
3689431,3135872,553559,0.0011858999938000206,6.641968459570863e-05,0.001055719804127922,0.0013160801834721193,0.0009704602893390609,0.0014013396982609802,True,True
4122594,3504377,618217,0.0011811368950109561,6.285976729875946e-05,0.0010579340150288189,0.0013043397749930934,0.000979662502479156,0.0013826112875427563,True,True
4606614,3915499,691115,0.0011767494602716682,5.9471404080467526e-05,0.0010601876501639233,0.001293311270379413,0.0009881297104635154,0.001365369210079821,True,True
5147462,4375276,772186,0.0011728439650051953,5.6315641186929606e-05,0.0010624673365125328,0.001283220593497858,0.0009958647051079982,0.0013498232249023925,True,True
5751808,4888644,863164,0.0011860783547354408,5.319281323663265e-05,0.0010818223565552754,0.0012903343529156062,0.0010202302268657822,0.0013519264826050994,True,True
6427109,5462187,964922,0.0011708345539124534,5.0565021941558096e-05,0.001071728932029522,0.0012699401757953848,0.0010142357025545532,0.0013274334052703536,True,True
7181694,6103975,1077719,0.0011505610850582953,4.791174624343846e-05,0.0010566557879847338,0.0012444663821318568,0.001003009497071012,0.0012981126730455786,True,True
8024873,6821188,1203685,0.001139792523613359,4.537161578080709e-05,0.001050865790762588,0.00122871925646413,0.0010007016053755677,0.0012788834418511503,True,True
8967047,7622022,1345025,0.0011439554541312275,4.285864953504354e-05,0.0010599540446165178,0.0012279568636459372,0.0010130427959722456,0.0012748681122902094,True,True
10019838,8516932,1502906,0.001140563434960124,4.055160755214661e-05,0.0010610837446427142,0.0012200431252775337,0.0010170359687449693,0.0012640909011752785,True,True
11196234,9516466,1679768,0.001149126505137396,3.8358937018519384e-05,0.0010739443700958577,0.0012243086401789343,0.001032502822768421,0.001265750187506371,True,True
12510747,10634263,1876484,0.0011533803492673879,3.6295727649704445e-05,0.0010822420302812926,0.0012245186682534831,0.001043159715004942,0.0012636009835298337,True,True
13979592,11882655,2096937,0.0011518730521316279,3.437168357507502e-05,0.0010845057902364738,0.001219240314026782,0.0010475478091301923,0.0012561982951330634,True,True
